Workbook

Sheet Blind 75
A1: Blind 75 LeetCode Questions List with Company Tags (2026 Coding Interview Prep Sheet)
A2: Blind 75 leetcode questions, company wise leetcode tags, difficulty level and direct problem links — free coding interview preparation tracker for Amazon, Google, Microsoft, Meta, Apple and more.
A3: Note: Company tags are crowdsourced from public interview-prep resources, not LeetCode's official premium company-tag database, and may not be fully current.
A4: # | B4: Category | C4: Problem | D4: LeetCode # | E4: Difficulty | F4: Companies (community-sourced tags) | G4: Link | H4: Status | I4: Notes
A5: 1 | B5: Array | C5: Two Sum | D5: 1 | E5: Easy | F5: Amazon, Google, Apple, Adobe, Microsoft, Bloomberg | G5: https://leetcode.com/problems/two-sum/ | H5: Not Started
A6: 2 | B6: Array | C6: Best Time to Buy and Sell Stock | D6: 121 | E6: Easy | F6: Amazon, Meta, Bloomberg, JPMorgan | G6: https://leetcode.com/problems/best-time-to-buy-and-sell-stock/ | H6: Not Started
A7: 3 | B7: Array | C7: Contains Duplicate | D7: 217 | E7: Easy | F7: Amazon, Yahoo, Palantir | G7: https://leetcode.com/problems/contains-duplicate/ | H7: Not Started
A8: 4 | B8: Array | C8: Product of Array Except Self | D8: 238 | E8: Medium | F8: Amazon, Microsoft, Facebook/Meta, Apple | G8: https://leetcode.com/problems/product-of-array-except-self/ | H8: Not Started
A9: 5 | B9: Array | C9: Maximum Subarray | D9: 53 | E9: Medium | F9: Amazon, Microsoft, LinkedIn | G9: https://leetcode.com/problems/maximum-subarray/ | H9: Not Started
A10: 6 | B10: Array | C10: Maximum Product Subarray | D10: 152 | E10: Medium | F10: Amazon, LinkedIn | G10: https://leetcode.com/problems/maximum-product-subarray/ | H10: Not Started
A11: 7 | B11: Array | C11: Find Minimum in Rotated Sorted Array | D11: 153 | E11: Medium | F11: Amazon, Microsoft, Bloomberg | G11: https://leetcode.com/problems/find-minimum-in-rotated-sorted-array/ | H11: Not Started
A12: 8 | B12: Array | C12: Search in Rotated Sorted Array | D12: 33 | E12: Medium | F12: Amazon, Microsoft, Facebook/Meta | G12: https://leetcode.com/problems/search-in-rotated-sorted-array/ | H12: Not Started
A13: 9 | B13: Array | C13: 3Sum | D13: 15 | E13: Medium | F13: Amazon, Adobe, Microsoft, Facebook/Meta | G13: https://leetcode.com/problems/3sum/ | H13: Not Started
A14: 10 | B14: Array | C14: Container With Most Water | D14: 11 | E14: Medium | F14: Amazon, Bloomberg, Adobe | G14: https://leetcode.com/problems/container-with-most-water/ | H14: Not Started
A15: 11 | B15: Bit Manipulation | C15: Sum of Two Integers | D15: 371 | E15: Medium | F15: Amazon, Facebook/Meta | G15: https://leetcode.com/problems/sum-of-two-integers/ | H15: Not Started
A16: 12 | B16: Bit Manipulation | C16: Number of 1 Bits | D16: 191 | E16: Easy | F16: Amazon, Apple, Microsoft | G16: https://leetcode.com/problems/number-of-1-bits/ | H16: Not Started
... A79: 75 | B79: Heap | C79: Find Median from Data Stream | D79: 295 | E79: Hard | F79: Amazon, Google, Facebook/Meta | G79: https://leetcode.com/problems/find-median-from-data-stream/ | H79: Not Started

Sheet Summary
A1: Blind 75 LeetCode Summary by Category and Difficulty
A2: Category | B2: Count | C2: Easy | D2: Medium | E2: Hard
A3: Array | B3: =COUNTIF('Blind 75'!B5:B79,A3) -> 10 | C3: =SUMPRODUCT(('Blind 75'!$B$5:$B$79=A3)*('Blind 75'!$E$5:$E$79="Easy")) -> 3 | D3: =SUMPRODUCT(('Blind 75'!$B$5:$B$79=A3)*('Blind 75'!$E$5:$E$79="Medium")) -> 7 | E3: =SUMPRODUCT(('Blind 75'!$B$5:$B$79=A3)*('Blind 75'!$E$5:$E$79="Hard")) -> 0
A4: Bit Manipulation | B4: =COUNTIF('Blind 75'!B5:B79,A4) -> 5 | C4: =SUMPRODUCT(('Blind 75'!$B$5:$B$79=A4)*('Blind 75'!$E$5:$E$79="Easy")) -> 4 | D4: =SUMPRODUCT(('Blind 75'!$B$5:$B$79=A4)*('Blind 75'!$E$5:$E$79="Medium")) -> 1 | E4: =SUMPRODUCT(('Blind 75'!$B$5:$B$79=A4)*('Blind 75'!$E$5:$E$79="Hard")) -> 0
A5: Dynamic Programming | B5: =COUNTIF('Blind 75'!B5:B79,A5) -> 11 | C5: =SUMPRODUCT(('Blind 75'!$B$5:$B$79=A5)*('Blind 75'!$E$5:$E$79="Easy")) -> 1 | D5: =SUMPRODUCT(('Blind 75'!$B$5:$B$79=A5)*('Blind 75'!$E$5:$E$79="Medium")) -> 10 | E5: =SUMPRODUCT(('Blind 75'!$B$5:$B$79=A5)*('Blind 75'!$E$5:$E$79="Hard")) -> 0
A6: Graph | B6: =COUNTIF('Blind 75'!B5:B79,A6) -> 8 | C6: =SUMPRODUCT(('Blind 75'!$B$5:$B$79=A6)*('Blind 75'!$E$5:$E$79="Easy")) -> 0 | D6: =SUMPRODUCT(('Blind 75'!$B$5:$B$79=A6)*('Blind 75'!$E$5:$E$79="Medium")) -> 7 | E6: =SUMPRODUCT(('Blind 75'!$B$5:$B$79=A6)*('Blind 75'!$E$5:$E$79="Hard")) -> 1
A7: Interval | B7: =COUNTIF('Blind 75'!B5:B79,A7) -> 5 | C7: =SUMPRODUCT(('Blind 75'!$B$5:$B$79=A7)*('Blind 75'!$E$5:$E$79="Easy")) -> 1 | D7: =SUMPRODUCT(('Blind 75'!$B$5:$B$79=A7)*('Blind 75'!$E$5:$E$79="Medium")) -> 4 | E7: =SUMPRODUCT(('Blind 75'!$B$5:$B$79=A7)*('Blind 75'!$E$5:$E$79="Hard")) -> 0
A8: Linked List | B8: =COUNTIF('Blind 75'!B5:B79,A8) -> 6 | C8: =SUMPRODUCT(('Blind 75'!$B$5:$B$79=A8)*('Blind 75'!$E$5:$E$79="Easy")) -> 3 | D8: =SUMPRODUCT(('Blind 75'!$B$5:$B$79=A8)*('Blind 75'!$E$5:$E$79="Medium")) -> 2 | E8: =SUMPRODUCT(('Blind 75'!$B$5:$B$79=A8)*('Blind 75'!$E$5:$E$79="Hard")) -> 1
A9: Matrix | B9: =COUNTIF('Blind 75'!B5:B79,A9) -> 4 | C9: =SUMPRODUCT(('Blind 75'!$B$5:$B$79=A9)*('Blind 75'!$E$5:$E$79="Easy")) -> 0 | D9: =SUMPRODUCT(('Blind 75'!$B$5:$B$79=A9)*('Blind 75'!$E$5:$E$79="Medium")) -> 4 | E9: =SUMPRODUCT(('Blind 75'!$B$5:$B$79=A9)*('Blind 75'!$E$5:$E$79="Hard")) -> 0
A10: String | B10: =COUNTIF('Blind 75'!B5:B79,A10) -> 10 | C10: =SUMPRODUCT(('Blind 75'!$B$5:$B$79=A10)*('Blind 75'!$E$5:$E$79="Easy")) -> 3 | D10: =SUMPRODUCT(('Blind 75'!$B$5:$B$79=A10)*('Blind 75'!$E$5:$E$79="Medium")) -> 6 | E10: =SUMPRODUCT(('Blind 75'!$B$5:$B$79=A10)*('Blind 75'!$E$5:$E$79="Hard")) -> 1
A11: Tree | B11: =COUNTIF('Blind 75'!B5:B79,A11) -> 14 | C11: =SUMPRODUCT(('Blind 75'!$B$5:$B$79=A11)*('Blind 75'!$E$5:$E$79="Easy")) -> 5 | D11: =SUMPRODUCT(('Blind 75'!$B$5:$B$79=A11)*('Blind 75'!$E$5:$E$79="Medium")) -> 6 | E11: =SUMPRODUCT(('Blind 75'!$B$5:$B$79=A11)*('Blind 75'!$E$5:$E$79="Hard")) -> 3
A12: Heap | B12: =COUNTIF('Blind 75'!B5:B79,A12) -> 2 | C12: =SUMPRODUCT(('Blind 75'!$B$5:$B$79=A12)*('Blind 75'!$E$5:$E$79="Easy")) -> 0 | D12: =SUMPRODUCT(('Blind 75'!$B$5:$B$79=A12)*('Blind 75'!$E$5:$E$79="Medium")) -> 1 | E12: =SUMPRODUCT(('Blind 75'!$B$5:$B$79=A12)*('Blind 75'!$E$5:$E$79="Hard")) -> 1
A13: Total | B13: =SUM(B3:B12) -> 75 | C13: =SUM(C3:C12) -> 20 | D13: =SUM(D3:D12) -> 48 | E13: =SUM(E3:E12) -> 7
